"Ticker","Date","Open","High","Low","Close"
"FOXA","9-19-16",23.97,24.07,23.81,23.93
"FOXA","9-20-16",24.1,24.105,23.86,23.89
"FOXA","9-21-16",23.87,24.04,23.78,24
"FOXA","9-22-16",24.19,24.48,24.09,24.3
"FOXA","9-23-16",24.28,24.44,23.93,23.93
"FOXA","9-26-16",23.84,23.95,23.595,23.79
"FOXA","9-27-16",23.79,24.27,23.735,24.2
"FOXA","9-28-16",24.29,24.53,24.2,24.31
"FOXA","9-29-16",24.17,24.41,24.01,24.04
"FOXA","9-30-16",24.21,24.42,24.04,24.22
"FOXA","10-3-16",24.09,24.81,24.04,24.73
"FOXA","10-4-16",24.72,24.985,24.53,24.74
"FOXA","10-5-16",24.79,24.87,24.63,24.66
"FOXA","10-6-16",24.57,24.74,24.33,24.53
"FOXA","10-7-16",24.62,24.68,24.23,24.35
"FOXA","10-10-16",24.43,24.75,24.43,24.71
"FOXA","10-11-16",24.73,24.77,24.49,24.64
"FOXA","10-12-16",24.64,24.66,24.44,24.55
"FOXA","10-13-16",24.33,24.66,24.215,24.56
"FOXA","10-14-16",24.62,24.91,24.55,24.73
"FOXA","10-17-16",24.75,24.81,24.64,24.68
"FOXA","10-18-16",24.89,25.1,24.78,24.96
"FOXA","10-19-16",25.02,25.16,24.93,25.12
"FOXA","10-20-16",25.12,25.4,24.96,25.27
"FOXA","10-21-16",25.08,26.03,25.01,25.83
"FOXA","10-24-16",26.05,26.22,25.33,25.57
"FOXA","10-25-16",25.59,25.7,25.47,25.56
"FOXA","10-26-16",25.58,26.45,25.505,26.4
"FOXA","10-27-16",26.45,26.53,25.99,26.11
"FOXA","10-28-16",26.13,26.34,26.08,26.25
"FOXA","10-31-16",26.32,26.55,26.21,26.27
"FOXA","11-1-16",26.26,26.31,25.95,26.19
"FOXA","11-2-16",26.28,26.28,25.725,25.83
"FOXA","11-3-16",26.76,27.84,26.7,27.71
"FOXA","11-4-16",27.49,27.7,26.9,26.94
"FOXA","11-7-16",27.42,27.43,27.12,27.39
"FOXA","11-8-16",27.46,27.46,26.96,27.09
"FOXA","11-9-16",26.57,27.54,26.4,27.46
"FOXA","11-10-16",27.45,27.77,27.09,27.16
"FOXA","11-11-16",27.12,27.205,26.7,27.14
"FOXA","11-14-16",27.1,27.55,27.1,27.52
"FOXA","11-15-16",27.51,27.585,27.37,27.45
"FOXA","11-16-16",27.45,27.65,27.36,27.54
"FOXA","11-17-16",27.61,27.925,27.43,27.92
"FOXA","11-18-16",27.82,28,27.73,27.82
"FOXA","11-21-16",27.78,27.88,27.64,27.8
"FOXA","11-22-16",27.89,28.37,27.78,28.27
"FOXA","11-23-16",28.28,28.49,28.16,28.4
"FOXA","11-25-16",28.34,28.44,28.24,28.36
"FOXA","11-28-16",28.24,28.4975,28.12,28.31
"FOXA","11-29-16",28.42,28.52,28.17,28.47
"FOXA","11-30-16",28.39,28.54,28.11,28.11
"FOXA","12-1-16",28.07,28.43,27.965,28.2
"FOXA","12-2-16",28.33,28.33,27.2,27.4
"FOXA","12-5-16",27.54,27.61,26.8178,27.56
"FOXA","12-6-16",27.54,27.67,27.25,27.5
"FOXA","12-7-16",27.48,28.14,27.39,28.11
"FOXA","12-8-16",28.24,28.66,28.14,28.64
"FOXA","12-9-16",28.62,30.42,27.54,28.21
"FOXA","12-12-16",27.92,27.99,26.12,26.34
"FOXA","12-13-16",26.3,27.04,26.28,27.04
"FOXA","12-14-16",27.24,28.19,27.06,28.02
"FOXA","12-15-16",28.2,28.315,27.67,27.99
"FOXA","12-16-16",28.05,28.49,27.87,28.03
"FOXA","12-19-16",28.1,28.3,27.94,28.12
"FOXA","12-20-16",28.28,28.48,28.05,28.18
"FOXA","12-21-16",28.16,28.46,27.895,28.45
"FOXA","12-22-16",26.53,28.47,26.53,28.43
"FOXA","12-23-16",28.35,28.48,28.24,28.38
"FOXA","12-27-16",28.45,28.65,28.32,28.54
"FOXA","12-28-16",28.52,28.62,28.33,28.45
"FOXA","12-29-16",28.6,28.61,28.21,28.28
"FOXA","12-30-16",28.29,28.37,27.92,28.04
"FOXA","1-3-17",28.42,29.04,28.27,28.72
"FOXA","1-4-17",28.88,29.19,28.76,29.02
"FOXA","1-5-17",28.83,29.17,28.65,29
"FOXA","1-6-17",29.03,29.6,28.85,29.52
"FOXA","1-9-17",29.58,29.655,29.2501,29.47
"FOXA","1-10-17",29.58,30.08,29.25,29.67
"FOXA","1-11-17",29.72,30.1,29.59,30.08
"FOXA","1-12-17",30.05,30.0718,29.67,29.81
"FOXA","1-13-17",29.77,30.09,29.62,30.03
"FOXA","1-17-17",29.89,30.11,29.86,29.93
"FOXA","1-18-17",30.01,30.33,29.92,30.27
"FOXA","1-19-17",30.16,30.37,29.71,29.8
"FOXA","1-20-17",29.88,30.125,29.84,30.05
"FOXA","1-23-17",30.06,30.17,29.82,30
"FOXA","1-24-17",30.11,30.3,29.89,30.28
"FOXA","1-25-17",30.37,30.44,30.17,30.3
"FOXA","1-26-17",30.43,31.61,30.31,31
"FOXA","1-27-17",31.14,31.52,30.88,31.29
"FOXA","1-30-17",31.28,31.4,30.995,31.37
"FOXA","1-31-17",31.2,31.44,31.05,31.38
"FOXA","2-1-17",31.32,31.75,31.315,31.62
"FOXA","2-2-17",31.53,31.59,31.29,31.46
"FOXA","2-3-17",31.46,31.62,31.16,31.4
"FOXA","2-6-17",31.19,31.5,30.96,31.06
"FOXA","2-7-17",30.85,31.46,30.14,30.48
"FOXA","2-8-17",30.47,30.57,29.96,30.21
"FOXA","2-9-17",30.35,30.51,30.09,30.12
"FOXA","2-10-17",30.19,30.28,29.81,29.91
"FOXA","2-13-17",30.09,30.12,29.51,29.72
"FOXA","2-14-17",29.74,30.4,29.57,30.3
"FOXA","2-15-17",30.08,30.7,30.07,30.695
"FOXA","2-16-17",30.58,30.75,30.41,30.51
"FOXA","2-17-17",30.42,30.51,30.16,30.35
"FOXA","2-21-17",30.24,30.8,30.23,30.55
"FOXA","2-22-17",30.39,30.6,30.39,30.47
"FOXA","2-23-17",30.29,30.68,30.17,30.34
"FOXA","2-24-17",30.44,30.62,30.265,30.61
"FOXA","2-27-17",30.51,30.7,30.29,30.43
"FOXA","2-28-17",30.33,30.42,29.9,29.92
"FOXA","3-1-17",30.2,30.73,30.15,30.41
"FOXA","3-2-17",30.33,30.48,30.09,30.2
"FOXA","3-3-17",30.2,30.52,30.03,30.46
"FOXA","3-6-17",30.41,31.03,30.29,30.69
"FOXA","3-7-17",30.61,30.77,30.23,30.52
"FOXA","3-8-17",30.59,30.6,30.325,30.35
"FOXA","3-9-17",30.36,30.83,30.36,30.7
"FOXA","3-10-17",30.83,30.92,30.4,30.55
"FOXA","3-13-17",30.4,30.55,30.35,30.5
"FOXA","3-14-17",30.49,30.61,30.32,30.52
"FOXA","3-15-17",30.67,30.92,30.44,30.74
"FOXA","3-16-17",30.68,30.78,30.4235,30.76
"FOXA","3-17-17",30.97,31.03,30.65,30.82
"FOXA","3-20-17",30.85,31.01,30.58,30.63
"FOXA","3-21-17",30.77,30.86,30.52,30.56
"FOXA","3-22-17",30.63,31.09,30.49,30.97
"FOXA","3-23-17",30.97,31.55,30.88,31.33
"FOXA","3-24-17",31.38,31.845,31.26,31.52
"FOXA","3-27-17",31.4,32.05,31.31,31.9
"FOXA","3-28-17",31.76,32.575,31.75,32.44
"FOXA","3-29-17",32.31,32.485,32.07,32.11
"FOXA","3-30-17",32.04,32.39,32.01,32.36
"FOXA","3-31-17",32.22,32.6,32.2,32.39
"FOXA","4-3-17",32.48,32.54,32.03,32.15
"FOXA","4-4-17",32.01,32.17,31.61,31.75
"FOXA","4-5-17",31.78,31.845,31.26,31.38
"FOXA","4-6-17",31.27,31.3574,30.65,31.12
"FOXA","4-7-17",31.14,31.25,30.83,31.07
"FOXA","4-10-17",31.08,31.41,31.07,31.24
"FOXA","4-11-17",31.13,31.285,30.79,31.15
"FOXA","4-12-17",30.89,31.13,30.46,30.65
"FOXA","4-13-17",30.75,31.03,30.43,30.43
"FOXA","4-17-17",30.59,30.8,30.53,30.73
"FOXA","4-18-17",30.68,30.775,30.415,30.66
"FOXA","4-19-17",30.77,30.92,30.385,30.39
"FOXA","4-20-17",30.59,31.16,30.39,31.07
"FOXA","4-21-17",31.05,31.1599,30.64,30.7
"FOXA","4-24-17",31.11,31.13,30.16,30.35
"FOXA","4-25-17",30.47,30.73,30.41,30.61
"FOXA","4-26-17",30.68,30.93,30.57,30.74
"FOXA","4-27-17",30.81,30.83,30.49,30.56
"FOXA","4-28-17",30.6,30.6,30.305,30.54
"FOXA","5-1-17",30.67,30.67,30.19,30.39
"FOXA","5-2-17",30.44,30.51,30.28,30.43
"FOXA","5-3-17",30.5,30.5,28.705,28.88
"FOXA","5-4-17",28.8,29.32,27.75,29.04
"FOXA","5-5-17",29.16,29.39,28.45,29.14
"FOXA","5-8-17",29.14,29.19,28.3201,28.4
"FOXA","5-9-17",28.35,28.51,28.04,28.23
"FOXA","5-10-17",28.07,28.27,27.77,27.9
"FOXA","5-11-17",28.45,28.76,27.65,28.52
"FOXA","5-12-17",28.38,28.64,27.885,27.94
"FOXA","5-15-17",28,28.2,27.69,27.73
"FOXA","5-16-17",27.7,27.79,27.015,27.34
"FOXA","5-17-17",27.11,27.1875,26.74,26.85
"FOXA","5-18-17",26.87,27.05,26.72,26.86
"FOXA","5-19-17",26.86,27.255,26.76,27.11
"FOXA","5-22-17",27.21,27.34,27.035,27.26
"FOXA","5-23-17",27.36,27.36,26.61,26.74
"FOXA","5-24-17",26.87,26.92,26.64,26.87
"FOXA","5-25-17",26.9,27.78,26.67,27.33
"FOXA","5-26-17",27.31,27.36,26.96,27.03
"FOXA","5-30-17",26.94,27.12,26.84,27.05
"FOXA","5-31-17",27.18,27.18,26.89,27.12
"FOXA","6-1-17",27.26,27.84,27.07,27.82
"FOXA","6-2-17",27.86,28.21,27.78,27.93
"FOXA","6-5-17",27.84,27.89,27.39,27.74
"FOXA","6-6-17",27.66,27.94,27.48,27.53
"FOXA","6-7-17",27.56,27.8,27.425,27.58
"FOXA","6-8-17",27.5,27.61,27.055,27.4
"FOXA","6-9-17",27.34,28.2,27.2,28.16
"FOXA","6-12-17",28.2,29.03,28.11,28.74
"FOXA","6-13-17",28.61,28.64,28.03,28.06
"FOXA","6-14-17",28.1,28.25,27.42,27.61
"FOXA","6-15-17",27.5,27.81,27.45,27.74
"FOXA","6-16-17",27.5,27.76,27.195,27.45
"FOXA","6-19-17",27.55,27.9,27.3,27.8
"FOXA","6-20-17",27.74,27.78,27.01,27.18
"FOXA","6-21-17",27.25,27.54,26.9,27.25
"FOXA","6-22-17",27.29,27.29,26.94,26.97
"FOXA","6-23-17",26.93,27.23,26.765,27.19
"FOXA","6-26-17",27.32,28.26,27.26,28.04
"FOXA","6-27-17",27.99,28.23,27.61,27.61
"FOXA","6-28-17",27.72,28.445,27.72,28.11
"FOXA","6-29-17",28.06,28.81,27.95,28.19
"FOXA","6-30-17",28.25,28.37,27.86,28.34
"FOXA","7-3-17",28.47,28.81,28.35,28.52
"FOXA","7-5-17",28.62,28.62,28.245,28.36
"FOXA","7-6-17",28.22,28.23,27.9,27.95
"FOXA","7-7-17",27.92,28.15,27.75,27.9
"FOXA","7-10-17",27.87,28.345,27.83,28.28
"FOXA","7-11-17",28.2,28.28,28.03,28.1
"FOXA","7-12-17",28.4,28.675,28.32,28.65
"FOXA","7-13-17",28.52,28.81,27.4,27.57
"FOXA","7-14-17",27.74,28.06,27.515,27.74
"FOXA","7-17-17",27.74,27.82,27.29,27.38
"FOXA","7-18-17",27.37,27.49,26.84,27.37
"FOXA","7-19-17",27.52,27.72,27.35,27.64
"FOXA","7-20-17",27.76,28.06,27.35,27.79
"FOXA","7-21-17",27.77,28.09,27.71,27.84
"FOXA","7-24-17",27.8,27.86,27.49,27.68
"FOXA","7-25-17",27.68,28.05,27.52,27.93
"FOXA","7-26-17",28.01,28.305,27.89,28.18
"FOXA","7-27-17",28.48,29.63,28.37,29.63
"FOXA","7-28-17",29.55,29.63,29.2,29.37
"FOXA","7-31-17",29.4,29.4,28.9,29.1
"FOXA","8-1-17",29.22,29.55,29.13,29.23
"FOXA","8-2-17",28.81,29.09,28.5444,28.69
"FOXA","8-3-17",28.73,29.08,28.66,28.82
"FOXA","8-4-17",28.45,28.68,28.065,28.46
"FOXA","8-7-17",28.46,28.525,28.18,28.2
"FOXA","8-8-17",28.17,28.38,27.91,28.03
"FOXA","8-9-17",27.7,27.95,27.16,27.9
"FOXA","8-10-17",29.1,29.6,27.865,27.88
"FOXA","8-11-17",28.15,28.34,27.89,28.21
"FOXA","8-14-17",28.37,28.6,28.17,28.21
"FOXA","8-15-17",28.22,28.27,27.84,27.85
"FOXA","8-16-17",27.84,28.135,27.81,27.99
"FOXA","8-17-17",27.91,28.05,27.3,27.35
"FOXA","8-18-17",27.17,27.57,27.17,27.26
"FOXA","8-21-17",27.29,27.39,27.015,27.37
"FOXA","8-22-17",27.46,27.52,27.285,27.43
"FOXA","8-23-17",27.38,27.395,27.125,27.15
"FOXA","8-24-17",27.18,27.27,27.05,27.1
"FOXA","8-25-17",27.2,27.47,27.08,27.25
"FOXA","8-28-17",27.31,27.54,27.2,27.25
"FOXA","8-29-17",27.12,27.55,27.08,27.35
"FOXA","8-30-17",27.29,27.72,27.28,27.45
"FOXA","8-31-17",27.5,27.78,27.46,27.59
"FOXA","9-1-17",27.65,27.8,27.49,27.49
"FOXA","9-5-17",27.49,27.55,26.41,26.58
"FOXA","9-6-17",26.68,26.7,26.18,26.43
"FOXA","9-7-17",26.5,26.575,25.135,25.79
"FOXA","9-8-17",25.75,25.87,25.49,25.79
"FOXA","9-11-17",25.94,26.07,25.81,26.06
"FOXA","9-12-17",25.83,25.92,25.59,25.9
"FOXA","9-13-17",25.91,26.6,25.7801,26.59
"FOXA","9-14-17",26.47,26.58,26.23,26.5
"FOXA","9-15-17",26.41,27.11,26.34,27.05
"FOXA","9-18-17",27,27.13,26.315,26.5
"FOXA","9-19-17",26.57,26.73,26.34,26.7
"FOXA","9-20-17",26.74,26.95,26.6136,26.87
"FOXA","9-21-17",26.9,26.95,26.66,26.76
"FOXA","9-22-17",26.67,26.93,26.66,26.88
"FOXA","9-25-17",26.88,27.32,26.81,27.12
"FOXA","9-26-17",27.22,27.22,26.9,26.95
"FOXA","9-27-17",27.09,27.35,26.66,27.32
"FOXA","9-28-17",27.12,27.22,26.5,26.56
"FOXA","9-29-17",26.57,26.665,26.24,26.38
"FOXA","10-2-17",26.51,26.86,26.35,26.6
"FOXA","10-3-17",26.65,26.77,26.45,26.63
"FOXA","10-4-17",26.63,27.305,26.515,27.1
"FOXA","10-5-17",27.2,27.3,26.845,26.95
"FOXA","10-6-17",26.96,27.02,26.73,26.99
"FOXA","10-9-17",27,27.01,26.57,26.58
"FOXA","10-10-17",26.64,27.18,26.59,26.77
"FOXA","10-11-17",26.63,26.63,25.8,26.11
"FOXA","10-12-17",25.8,26.41,25.78,26.14
"FOXA","10-13-17",26.29,26.58,26.08,26.52
"FOXA","10-16-17",26.54,26.87,26.42,26.69
"FOXA","10-17-17",26.56,26.92,26.55,26.88
"FOXA","10-18-17",26.96,27.39,26.84,27.18
"FOXA","10-19-17",27.07,27.405,26.955,27.37
"FOXA","10-20-17",27.55,27.635,27.305,27.5
"FOXA","10-23-17",27.51,27.57,26.64,26.69
"FOXA","10-24-17",26.62,26.7,26.21,26.23
"FOXA","10-25-17",26.18,26.35,26,26.13
"FOXA","10-26-17",26.32,26.685,26.05,26.31
"FOXA","10-27-17",26.03,26.44,25.56,26.41
"FOXA","10-30-17",26.3,26.7,26.19,26.39
"FOXA","10-31-17",26.48,26.48,26.01,26.15
"FOXA","11-1-17",26.29,26.515,25.95,25.98
"FOXA","11-2-17",26,26.17,25.56,25.81
"FOXA","11-3-17",25.78,25.89,24.91,24.97
"FOXA","11-6-17",24.93,27.53,24.81,27.45
"FOXA","11-7-17",27.42,28.6,27.42,27.75
"FOXA","11-8-17",27.71,28.6,27.47,28.09
"FOXA","11-9-17",27.33,29.77,27.29,28.7
"FOXA","11-10-17",28.98,29.95,28.74,28.84
"FOXA","11-13-17",28.66,28.78,28.195,28.55
"FOXA","11-14-17",28.31,28.48,27.77,28.03
"FOXA","11-15-17",27.88,28.83,27.531,28.73
"FOXA","11-16-17",28.36,29.55,28.36,29.32
"FOXA","11-17-17",31.19,31.465,30.22,31.15
"FOXA","11-20-17",31.02,31.62,30.39,30.66
"FOXA","11-21-17",30.71,31.1,30.41,30.88
"FOXA","11-22-17",30.87,30.96,30.55,30.61
"FOXA","11-24-17",30.45,30.8,30.36,30.47
"FOXA","11-27-17",30.43,30.56,30.32,30.39
"FOXA","11-28-17",30.6,30.91,30.32,30.86
"FOXA","11-29-17",31.04,32.31,31.02,32.1
"FOXA","11-30-17",31.87,32.26,31.52,31.94
"FOXA","12-1-17",31.49,32.35,31.37,32.19
"FOXA","12-4-17",32.63,34.02,32.5841,33.09
"FOXA","12-5-17",33.13,34.48,32.91,32.99
"FOXA","12-6-17",33.3,33.94,32.71,33.21
"FOXA","12-7-17",33.35,34.75,33.13,34.18
"FOXA","12-8-17",34.41,34.4971,33.25,33.3
"FOXA","12-11-17",33.43,33.77,33.21,33.66
"FOXA","12-12-17",33.87,34.18,33.25,34.1
"FOXA","12-13-17",33.77,33.78,32.38,32.75
"FOXA","12-14-17",32.42,35.15,32.35,34.88
"FOXA","12-15-17",34.91,35.8599,34.77,34.99
"FOXA","12-18-17",35,35.53,34.76,35.19
"FOXA","12-19-17",35.17,35.46,34.93,35.06
"FOXA","12-20-17",35.05,35.29,34.26,34.27
"FOXA","12-21-17",34.2,35.33,34.13,35.11
"FOXA","12-22-17",35.09,35.35,34.88,35.24
"FOXA","12-26-17",35.31,35.43,34.59,34.6
"FOXA","12-27-17",34.71,34.75,34.48,34.55
"FOXA","12-28-17",34.69,34.69,34.38,34.48
"FOXA","12-29-17",34.3,34.7,34.3,34.53
"FOXA","1-2-18",34.77,35.94,34.72,35.86
"FOXA","1-3-18",35.99,36.89,35.965,36.54
"FOXA","1-4-18",36.67,36.855,36.39,36.82
"FOXA","1-5-18",36.9,36.96,36.49,36.75
"FOXA","1-8-18",36.49,36.6,35.895,36.24
"FOXA","1-9-18",36.22,36.72,36.21,36.54
"FOXA","1-10-18",36.55,36.69,35.305,35.6
"FOXA","1-11-18",35.7,36.3,35.6,36.2
"FOXA","1-12-18",36.28,36.84,36.12,36.73
"FOXA","1-16-18",36.82,36.9,36.26,36.29
"FOXA","1-17-18",36.53,37.13,36.3401,37.11
"FOXA","1-18-18",36.91,36.95,36,36.18
"FOXA","1-19-18",36.03,36.69,35.97,36.65
"FOXA","1-22-18",36.79,37.48,36.41,37.31
"FOXA","1-23-18",37,37.72,36.7538,37.51
"FOXA","1-24-18",37.69,38.51,37.6,38
"FOXA","1-25-18",38.08,38.33,37.93,38.18
"FOXA","1-26-18",38.25,38.95,37.86,38.81
"FOXA","1-29-18",38.7,39.04,38.61,38.74
"FOXA","1-30-18",38.94,39.135,38.46,38.46
"FOXA","1-31-18",38.52,38.52,36.67,36.9
"FOXA","2-1-18",36.91,37.54,36.68,37.01
"FOXA","2-2-18",36.78,37.415,36.56,36.72
"FOXA","2-5-18",36.6,37.62,36.06,36.14
"FOXA","2-6-18",35.43,36.81,35.15,36.8
"FOXA","2-7-18",36.84,37.41,35.99,36.06
"FOXA","2-8-18",36.09,36.35,34.53,34.56
"FOXA","2-9-18",34.77,35.95,34.12,35.73
"FOXA","2-12-18",36.34,36.9,36.18,36.4
"FOXA","2-13-18",35.99,36.82,35.87,36.58
"FOXA","2-14-18",36.19,36.835,36.19,36.55
"FOXA","2-15-18",36.7,37.07,36.495,36.96
"FOXA","2-16-18",36.89,37.71,36.86,37.46
"FOXA","2-20-18",37.32,37.61,37.03,37.13
"FOXA","2-21-18",37.14,37.69,37.03,37.06
"FOXA","2-22-18",37.24,37.42,37.01,37.16
"FOXA","2-23-18",37.4,38.04,37.13,38.01
"FOXA","2-26-18",38.07,38.87,38.02,38.81
"FOXA","2-27-18",38.41,38.68,37.6,37.63
"FOXA","2-28-18",37.76,37.98,36.82,36.82
"FOXA","3-1-18",36.82,37.11,35.82,35.92
"FOXA","3-2-18",35.86,36.465,35.53,36.37
"FOXA","3-5-18",36.14,37.135,36,36.65
"FOXA","3-6-18",36.64,37.55,36.525,37.54
"FOXA","3-7-18",37.24,37.48,36.67,37.02
"FOXA","3-8-18",37.18,37.445,36.93,37.18
"FOXA","3-9-18",37.32,37.75,37.27,37.73
"FOXA","3-12-18",37.73,38.27,37.58,37.98
"FOXA","3-13-18",38,38.16,37.24,37.41
"FOXA","3-14-18",37.52,37.7799,37.39,37.69
"FOXA","3-15-18",37.64,37.73,37.13,37.15
"FOXA","3-16-18",37.3,37.6,37.13,37.14
"FOXA","3-19-18",36.95,37.12,36.415,36.78
"FOXA","3-20-18",36.91,37.09,36.56,36.69
"FOXA","3-21-18",36.65,37.18,36.6,36.86
"FOXA","3-22-18",36.54,37.11,36.19,36.75
"FOXA","3-23-18",36.78,37.075,36.09,36.12
"FOXA","3-26-18",36.59,37.13,36.3,37.03
"FOXA","3-27-18",37.21,37.22,36.25,36.48
"FOXA","3-28-18",36.6,36.65,35.855,35.88
"FOXA","3-29-18",36.09,36.82,35.87,36.69
"FOXA","4-2-18",36.46,36.69,35.68,36.13
"FOXA","4-3-18",36.21,36.27,35.58,36.14
"FOXA","4-4-18",35.88,36.29,35.445,36.14
"FOXA","4-5-18",36.34,36.56,35.83,36.36
"FOXA","4-6-18",36.13,36.475,35.4,35.69
"FOXA","4-9-18",35.87,36.31,35.59,35.7
"FOXA","4-10-18",36.04,36.59,35.75,36.27
"FOXA","4-11-18",35.75,36.585,35.7,36.18
"FOXA","4-12-18",36.24,36.65,36.155,36.49
"FOXA","4-13-18",36.61,36.995,36.52,36.79
"FOXA","4-16-18",37.14,37.25,36.72,37.04
"FOXA","4-17-18",37.28,37.89,37.13,37.54
"FOXA","4-18-18",37.58,37.76,37.24,37.31
"FOXA","4-19-18",37.3,37.97,37.075,37.2
"FOXA","4-20-18",37.18,37.32,36.625,36.68
"FOXA","4-23-18",36.7,36.85,36.27,36.49
"FOXA","4-24-18",36.73,36.81,35.805,36.02
"FOXA","4-25-18",36.01,37.12,35.79,36.58
"FOXA","4-26-18",36.65,37.19,36.21,36.25
"FOXA","4-27-18",36.2,36.81,35.92,36.42
"FOXA","4-30-18",36.63,37.06,36.5,36.56
"FOXA","5-1-18",36.43,36.74,36.19,36.57
"FOXA","5-2-18",36.51,37.15,36.33,36.73
"FOXA","5-3-18",36.56,37.11,35.86,36.88
"FOXA","5-4-18",36.72,37.8,36.42,37.66
"FOXA","5-7-18",37.94,38.28,37.7,38.04
"FOXA","5-8-18",38.96,39.35,37.855,37.99
"FOXA","5-9-18",38.21,38.32,37.57,37.7
"FOXA","5-10-18",37.79,38.27,37.69,37.92
"FOXA","5-11-18",37.92,38.11,37.65,37.94
"FOXA","5-14-18",37.87,38.02,37.45,37.76
"FOXA","5-15-18",37.53,37.91,37.43,37.87
"FOXA","5-16-18",37.94,38.27,37.8,38.16
"FOXA","5-17-18",38.05,38.32,37.7,37.77
"FOXA","5-18-18",37.67,37.84,37.5,37.66
"FOXA","5-21-18",37.81,38.08,37.72,37.93
"FOXA","5-22-18",38.09,38.55,38.01,38.16
"FOXA","5-23-18",38.53,39.085,38.38,38.77
"FOXA","5-24-18",38.85,39.46,38.59,38.93
"FOXA","5-25-18",38.95,39.28,38.83,39.02
"FOXA","5-29-18",38.69,38.94,38.24,38.65
"FOXA","5-30-18",38.8,39.115,38.48,38.66
"FOXA","5-31-18",38.66,38.86,38.31,38.55
"FOXA","6-1-18",38.71,38.82,38.38,38.56
"FOXA","6-4-18",38.66,38.99,38.64,38.66
"FOXA","6-5-18",38.75,39.1,38.65,39.08
"FOXA","6-6-18",39.04,39.39,38.86,39.3
"FOXA","6-7-18",39.13,39.68,39.04,39.65
"FOXA","6-8-18",39.57,40.3,39.55,39.99
"FOXA","6-11-18",39.87,41.11,39.8,40.13
"FOXA","6-12-18",40.14,41.02,40.14,40.54
"FOXA","6-13-18",43.71,43.93,43.2,43.66
"FOXA","6-14-18",44.12,44.7,44.1,44.58
"FOXA","6-15-18",44.58,45.05,44.39,44.66
"FOXA","6-18-18",44.82,44.82,44.3399,44.56
"FOXA","6-19-18",44.41,45.06,44.26,44.71
"FOXA","6-20-18",47.59,48.52,47.26,48.08
"FOXA","6-21-18",48.69,49.24,48.18,48.35
"FOXA","6-22-18",48.6,49.185,48.52,48.61
"FOXA","6-25-18",48.5,48.6525,47.85,48.14
"FOXA","6-26-18",48.22,48.66,47.5,47.68
"FOXA","6-27-18",48.48,49.045,47.89,48.8
"FOXA","6-28-18",49.13,49.83,49.06,49.79
"FOXA","6-29-18",49.61,50.145,49.48,49.69
"FOXA","7-2-18",49.56,49.88,48.93,49.2
"FOXA","7-3-18",49.4,49.4999,48.39,48.6
"FOXA","7-5-18",49.04,49.08,48.29,48.74
"FOXA","7-6-18",48.86,49.15,48.59,48.93
"FOXA","7-9-18",48.92,49.59,48.48,49.56
"FOXA","7-10-18",49.56,50.06,49.55,49.77
"FOXA","7-11-18",49.3,49.32,47.24,47.79
"FOXA","7-12-18",47.97,48.06,47.25,47.38
"FOXA","7-13-18",47.11,47.63,46.98,47.56
"FOXA","7-16-18",47.48,47.51,46.28,46.71
"FOXA","7-17-18",46.45,46.89,46.38,46.47
"FOXA","7-18-18",46.36,46.83,46.36,46.68
"FOXA","7-19-18",46,46.65,45.71,46.65
"FOXA","7-20-18",46.35,46.38,45.9,46
"FOXA","7-23-18",45.97,46.095,45.75,45.92
"FOXA","7-24-18",46.08,46.09,45.12,45.23
"FOXA","7-25-18",45.13,45.31,44.59,45.19
"FOXA","7-26-18",45.37,45.63,45.21,45.38
"FOXA","7-27-18",45.37,45.42,45.08,45.15
"FOXA","7-30-18",45.1,45.45,44.945,45.16
"FOXA","7-31-18",45.3,45.4,44.91,45
"FOXA","8-1-18",44.87,45.21,44.76,45
"FOXA","8-2-18",44.8,45.175,44.8,45.03
"FOXA","8-3-18",45.03,45.62,44.96,45.42
"FOXA","8-6-18",45.29,46.08,45.19,45.69
"FOXA","8-7-18",45.71,45.97,45.48,45.5
"FOXA","8-8-18",45.57,45.57,45.05,45.46
"FOXA","8-9-18",45.37,45.79,45.05,45.6
"FOXA","8-10-18",45.41,45.6,45.28,45.48
"FOXA","8-13-18",45.6,45.74,45.145,45.32
"FOXA","8-14-18",45.48,45.815,45.33,45.48
"FOXA","8-15-18",45.05,45.49,45.05,45.34
"FOXA","8-16-18",45.49,45.78,45.3,45.67
"FOXA","8-17-18",45.7,45.78,45.235,45.38
"FOXA","8-20-18",45.42,45.55,45.3,45.39
"FOXA","8-21-18",45.35,45.6,45.251,45.37
"FOXA","8-22-18",45.38,45.59,45.235,45.35
"FOXA","8-23-18",45.31,45.54,45.17,45.27
"FOXA","8-24-18",45.25,45.36,45.15,45.17
"FOXA","8-27-18",45.39,45.39,45.12,45.17
"FOXA","8-28-18",45.21,45.38,45.135,45.22
"FOXA","8-29-18",45.26,45.63,45.18,45.6
"FOXA","8-30-18",45.56,45.61,45.135,45.31
"FOXA","8-31-18",45.23,45.49,45.15,45.4
"FOXA","9-4-18",45.3,45.405,45.19,45.31
"FOXA","9-5-18",45.23,45.43,45.16,45.24
"FOXA","9-6-18",45.23,45.505,45.15,45.34
"FOXA","9-7-18",45.35,45.43,45.19,45.21
"FOXA","9-10-18",45.44,45.51,44.87,44.93
"FOXA","9-11-18",44.77,44.895,44.6,44.73
"FOXA","9-12-18",44.82,44.92,44.595,44.64
"FOXA","9-13-18",44.74,44.86,44.68,44.79
"FOXA","9-14-18",44.95,45,44.75,44.81
"FOXA","9-17-18",44.96,44.96,44.58,44.71
"FOXA","9-18-18",44.83,44.87,44.49,44.54
"FOXA","9-19-18",44.81,44.81,44.49,44.62
"FOXA","9-20-18",44.75,44.84,44.53,44.57
"FOXA","9-21-18",44.76,44.79,44.18,44.33
"FOXA","9-24-18",44.68,45.055,44.43,45.01
"FOXA","9-25-18",45,45.39,44.9727,45.21
"FOXA","9-26-18",45.2,46.06,45.16,45.67
"FOXA","9-27-18",45.72,46.1725,45.52,45.84
"FOXA","9-28-18",45.75,46.44,45.22,46.33
"FOXA","10-1-18",46.41,46.41,45.9,46.21
"FOXA","10-2-18",46.09,46.58,46.09,46.55
"FOXA","10-3-18",46.59,46.88,46.51,46.84
"FOXA","10-4-18",46.67,46.88,46.36,46.61
"FOXA","10-5-18",46.73,46.78,45.885,46.11
"FOXA","10-8-18",45.98,46.26,45.4,45.72
"FOXA","10-9-18",45.79,45.9,45.36,45.5
"FOXA","10-10-18",45.51,45.57,44.62,44.62
"FOXA","10-11-18",44.83,45.3,44.41,45.11
"FOXA","10-12-18",45.3,45.5,44.97,45.36
"FOXA","10-15-18",45.45,45.87,45.28,45.52
"FOXA","10-16-18",45.6,46.0299,45.58,45.95
"FOXA","10-17-18",45.86,46.05,45.46,45.83
"FOXA","10-18-18",45.87,45.99,45.53,45.81
"FOXA","10-19-18",46.07,46.11,45.45,45.84
"FOXA","10-22-18",45.87,46.09,45.57,45.72
"FOXA","10-23-18",45.6,45.86,45.245,45.63
"FOXA","10-24-18",45.66,45.81,44.65,44.71
"FOXA","10-25-18",44.96,45.43,44.89,45.26
"FOXA","10-26-18",44.75,45.38,44.57,45.14
"FOXA","10-29-18",45.63,45.9,44.92,45.41
"FOXA","10-30-18",45.56,45.85,45.08,45.68
"FOXA","10-31-18",45.83,45.89,45.31,45.52
"FOXA","11-1-18",45.51,46.95,45.38,46.54
"FOXA","11-2-18",46.8,47.06,46.32,46.54
"FOXA","11-5-18",46.71,46.9,46.53,46.87
"FOXA","11-6-18",46.63,47.21,46.6,47.16
"FOXA","11-7-18",47.4,47.64,46.92,47.55
"FOXA","11-8-18",47.55,47.99,47.51,47.84
"FOXA","11-9-18",47.93,48.575,47.89,48.16
"FOXA","11-12-18",48.16,48.42,47.89,48.07
"FOXA","11-13-18",48.19,48.32,47.69,47.72
"FOXA","11-14-18",47.88,48.29,47.7,47.93
"FOXA","11-15-18",47.6,48.37,47.5,48.27
"FOXA","11-16-18",48.1,48.41,47.88,48.16
"FOXA","11-19-18",48.15,50,47.9,48.91
"FOXA","11-20-18",48.89,49.11,48.36,48.57
"FOXA","11-21-18",48.64,49.26,48.48,48.86
"FOXA","11-23-18",48.75,49.11,48.64,48.94
"FOXA","11-26-18",49.26,49.26,48.655,48.87
"FOXA","11-27-18",48.77,49.24,48.77,49.1
"FOXA","11-28-18",49.05,49.57,49.05,49.48
"FOXA","11-29-18",49.35,49.73,49.34,49.53
"FOXA","11-30-18",49.52,49.71,49.35,49.47
"FOXA","12-3-18",49.5,49.72,49.17,49.66
"FOXA","12-4-18",49.69,49.73,48.9,49.12
"FOXA","12-6-18",49.02,49.5,48.945,49.5
"FOXA","12-7-18",49.41,49.525,49.15,49.26
"FOXA","12-10-18",49.21,49.41,48.93,49.35
"FOXA","12-11-18",49.64,49.66,49.19,49.24
"FOXA","12-12-18",49.59,49.61,49.055,49.13
"FOXA","12-13-18",49.25,49.37,49.08,49.14
"FOXA","12-14-18",48.9,49.34,48.9,49.06
"FOXA","12-17-18",49.08,49.325,48.77,48.95
"FOXA","12-18-18",49.06,49.14,48.55,48.78
"FOXA","12-19-18",48.93,49.36,48.3,48.52
"FOXA","12-20-18",48.52,48.655,47.69,48
"FOXA","12-21-18",48.08,48.46,46.83,46.9
"FOXA","12-24-18",47,47.19,46.33,46.35
"FOXA","12-26-18",46.58,47.88,46.52,47.86
"FOXA","12-27-18",47.33,48.1,47.05,48.01
"FOXA","12-28-18",48.17,48.5,47.7,47.97
"FOXA","12-31-18",48.14,48.32,47.65,48.12
"FOXA","1-2-19",47.65,48.07,47.58,47.79
"FOXA","1-3-19",47.66,47.92,47.135,47.48
"FOXA","1-4-19",47.71,48.33,47.58,48.06
"FOXA","1-7-19",47.95,48.32,47.81,48.18
"FOXA","1-8-19",48.5,48.71,48.33,48.61
"FOXA","1-9-19",48.44,48.885,48.4,48.78
"FOXA","1-10-19",48.53,48.96,48.465,48.85
"FOXA","1-11-19",48.64,48.94,48.6,48.75
"FOXA","1-14-19",48.51,48.85,48.51,48.67
"FOXA","1-15-19",48.76,48.82,48.43,48.6
"FOXA","1-16-19",48.56,48.67,48.32,48.36
"FOXA","1-17-19",48.19,48.585,48.09,48.39
"FOXA","1-18-19",48.72,48.76,48.33,48.74
"FOXA","1-22-19",48.5,48.88,48.46,48.56
"FOXA","1-23-19",48.7,48.92,48.49,48.65
"FOXA","1-24-19",48.63,48.93,48.54,48.9
"FOXA","1-25-19",49.01,49.24,48.9,49.24
"FOXA","1-28-19",49.13,49.24,49.02,49.21
"FOXA","1-29-19",49.28,49.35,48.985,49.1
"FOXA","1-30-19",49.08,49.16,48.78,49.04
"FOXA","1-31-19",49.07,49.31,49.01,49.31
"FOXA","2-1-19",49.3,49.35,49.14,49.29
"FOXA","2-4-19",49.21,49.35,49.165,49.29
"FOXA","2-5-19",49.32,49.405,49.23,49.28
"FOXA","2-6-19",49.33,49.49,49.28,49.43
"FOXA","2-7-19",49.3,49.51,49.23,49.5
"FOXA","2-8-19",49.3,49.69,49.3,49.68
"FOXA","2-11-19",49.71,49.75,49.5,49.55
"FOXA","2-12-19",49.61,49.65,49.5,49.54
"FOXA","2-13-19",49.63,49.76,49.59,49.65
"FOXA","2-14-19",49.57,50.05,49.55,50
"FOXA","2-15-19",50.25,50.43,50.06,50.4
"FOXA","2-19-19",50.43,50.63,50.26,50.53
"FOXA","2-20-19",50.65,50.79,50.5,50.77
"FOXA","2-21-19",50.63,50.86,50.34,50.72
"FOXA","2-22-19",50.73,51.17,50.64,51.17
"FOXA","2-25-19",51.09,51.27,50.62,50.73
"FOXA","2-26-19",50.77,50.87,50.6,50.86
"FOXA","2-27-19",50.75,50.79,50.41,50.41
"FOXA","2-28-19",50.46,50.55,50.22,50.43
"FOXA","3-1-19",50.63,50.68,50.4,50.61
"FOXA","3-4-19",50.87,50.87,50.2,50.64
"FOXA","3-5-19",50.7,50.7,50.48,50.55
"FOXA","3-6-19",50.62,50.66,50.47,50.64
"FOXA","3-7-19",50.59,50.66,50.45,50.59
"FOXA","3-8-19",50.45,50.59,50.26,50.45
"FOXA","3-11-19",50.58,50.58,50.36,50.53
"FOXA","3-12-19",50.65,50.95,50.5,50.88
"FOXA","3-13-19",51.02,51.23,50.86,51.2
"FOXA","3-14-19",51.32,51.95,51.15,51.7
"FOXA","3-15-19",51.84,52.05,51.79,52.01
"FOXA","3-18-19",51.5,51.82,51.24,51.36
"FOXA","3-19-19",41.55,41.7,39.84,40.34
"FOXA","3-20-19",40.49,40.81,38.24,38.62
"FOXA","3-21-19",39,40.07,38.75,40.02
"FOXA","3-22-19",39.93,39.99,37.69,38.72
"FOXA","3-25-19",38.89,38.96,37.39,37.44
"FOXA","3-26-19",37.65,38.28,37.51,37.54
"FOXA","3-27-19",37.52,37.91,36.76,36.92
"FOXA","3-28-19",36.85,37.15,36.34,36.4
"FOXA","3-29-19",36.55,36.91,36.15,36.71
"FOXA","4-1-19",36.91,37.15,36.71,36.85
"FOXA","4-2-19",36.96,37.18,35.9,36.28
"FOXA","4-3-19",36.37,36.56,35.9,36.08
"FOXA","4-4-19",36.2,36.8,36.01,36.76
"FOXA","4-5-19",36.79,37.85,36.69,37.68
"FOXA","4-8-19",37.6,37.68,37.265,37.47
"FOXA","4-9-19",37.42,37.65,37.17,37.31
"FOXA","4-10-19",37.33,37.53,36.36,36.48
"FOXA","4-11-19",36.57,37.16,35.99,37.09
"FOXA","4-12-19",37.15,37.62,36.47,37.53
"FOXA","4-15-19",37.46,37.57,36.99,37.53
"FOXA","4-16-19",37.67,37.85,37.47,37.75
"FOXA","4-17-19",37.87,38.85,37.76,38.84
"FOXA","4-18-19",38.91,39,38.43,38.44
"FOXA","4-22-19",38.36,38.44,37.62,37.7
"FOXA","4-23-19",37.79,38.39,37.63,38.08
"FOXA","4-24-19",37.95,38.31,37.805,37.96
"FOXA","4-25-19",37.98,38.2,37.54,38.15
"FOXA","4-26-19",38.08,38.53,37.9,38.48
"FOXA","4-29-19",38.54,39.525,38.31,39.2
"FOXA","4-30-19",39.19,39.33,38.47,38.99
"FOXA","5-1-19",39.12,39.49,38.66,39.4
"FOXA","5-2-19",39.23,39.47,37.08,37.28
"FOXA","5-3-19",37.41,37.75,37.12,37.47
"FOXA","5-6-19",37.17,37.99,36.96,37.92
"FOXA","5-7-19",37.58,37.81,37.12,37.26
"FOXA","5-8-19",37.34,37.7,36.855,37.42
"FOXA","5-9-19",38.5,39.25,37.51,38.5
"FOXA","5-10-19",38.64,38.75,37.44,38.53
"FOXA","5-13-19",37.77,38.68,37.73,37.97
"FOXA","5-14-19",38.05,38.52,37.8723,37.89
"FOXA","5-15-19",37.7,37.97,37.57,37.71
"FOXA","5-16-19",37.91,38.08,36.7,36.74
"FOXA","5-17-19",36.56,37.59,36.55,37.32
"FOXA","5-20-19",37.18,37.64,37,37.14
"FOXA","5-21-19",37.26,38,37.1,37.69
"FOXA","5-22-19",37.66,37.76,37.055,37.12
"FOXA","5-23-19",36.82,37.08,36.63,36.91
"FOXA","5-24-19",37.05,37.205,36.85,36.92
"FOXA","5-28-19",36.97,37.34,36.505,36.64
"FOXA","5-29-19",36.5,36.65,35.79,35.79
"FOXA","5-30-19",35.88,36.155,35.15,35.22
"FOXA","5-31-19",34.97,35.27,34.7,35.23
"FOXA","6-3-19",35.05,35.3,33.78,34.24
"FOXA","6-4-19",34.52,35.25,34.15,34.48
"FOXA","6-5-19",34.62,34.98,34.28,34.36
"FOXA","6-6-19",34.66,34.66,33.98,34.12
"FOXA","6-7-19",34.18,34.44,34,34.01
"FOXA","6-10-19",34.05,34.4,33.9,34.03
"FOXA","6-11-19",34.23,34.41,34.01,34.18
"FOXA","6-12-19",34.2,35.1,34.16,35.05
"FOXA","6-13-19",35.17,35.5,34.963,35.29
"FOXA","6-14-19",35.24,35.5,34.93,35.24
"FOXA","6-17-19",35.42,36.325,35.34,36.13
"FOXA","6-18-19",36.45,37.05,36.08,36.19
"FOXA","6-19-19",36.26,36.42,35.6775,35.99
"FOXA","6-20-19",36.38,36.475,35.56,35.58
"FOXA","6-21-19",35.61,37.295,35.31,36.18
"FOXA","6-24-19",36.01,36.07,35.605,35.8
"FOXA","6-25-19",35.78,35.86,35.14,35.34
"FOXA","6-26-19",35.79,36.1,35.33,35.47
"FOXA","6-27-19",35.53,36.33,35.2,35.99
"FOXA","6-28-19",35.98,36.76,35.81,36.64
"FOXA","7-1-19",36.46,36.99,35.74,35.92
"FOXA","7-2-19",36.01,36.62,35.92,36.59
"FOXA","7-3-19",36.6,36.82,36.27,36.35
"FOXA","7-5-19",36.24,36.8,36.075,36.6
"FOXA","7-8-19",36.53,36.675,36.08,36.13
"FOXA","7-9-19",36.03,36.27,35.82,36.02
"FOXA","7-10-19",36.19,36.43,36.075,36.14
"FOXA","7-11-19",36.17,36.35,35.85,36.29
"FOXA","7-12-19",36.46,37.04,36.1,36.96
"FOXA","7-15-19",37.03,37.16,36.64,37.01
"FOXA","7-16-19",36.93,37.11,36.63,36.69
"FOXA","7-17-19",36.73,36.76,36.11,36.17
"FOXA","7-18-19",36.17,36.72,35.96,36.55
"FOXA","7-19-19",36.7,36.74,36.14,36.43
"FOXA","7-22-19",36.51,36.61,36.06,36.1
"FOXA","7-23-19",36.19,36.39,35.84,36.22
"FOXA","7-24-19",36.13,36.86,36.13,36.6
"FOXA","7-25-19",36.63,37.34,36.63,37.17
"FOXA","7-26-19",37.29,37.8,37.08,37.21
"FOXA","7-29-19",37.16,37.57,37.07,37.51
"FOXA","7-30-19",37.35,37.98,37.32,37.82
"FOXA","7-31-19",37.67,37.6918,36.81,37.32
"FOXA","8-1-19",37.25,37.49,36.725,36.89
"FOXA","8-2-19",36.73,36.96,36.33,36.63
"FOXA","8-5-19",36.47,36.56,35.77,36.05
"FOXA","8-6-19",36.16,36.6,35.93,36.45
"FOXA","8-7-19",35.89,37.15,35.8,37.04
"FOXA","8-8-19",37.22,37.25,35,35.13
"FOXA","8-9-19",35.11,35.65,34.98,35.4
"FOXA","8-12-19",35.04,35.32,34.7,34.95
"FOXA","8-13-19",34.84,35.59,34.8,35.06
"FOXA","8-14-19",34.7,34.75,33.38,33.69
"FOXA","8-15-19",33.88,34.09,32.725,32.75
"FOXA","8-16-19",33,33.3,32.67,32.99
"FOXA","8-19-19",33.32,34.025,33.29,33.87
"FOXA","8-20-19",33.83,34.05,33.52,33.59
"FOXA","8-21-19",33.64,33.725,33.01,33.41
"FOXA","8-22-19",33.38,33.54,32.95,33.05
"FOXA","8-23-19",32.93,33.085,31.63,31.75
"FOXA","8-26-19",31.84,32.14,31.58,32.08
"FOXA","8-27-19",32.22,32.38,31.92,31.93
"FOXA","8-28-19",32.05,32.28,31.62,31.79
"FOXA","8-29-19",32,33.125,31.88,32.74
"FOXA","8-30-19",33.72,33.72,32.79,33.17
"FOXA","9-3-19",32.66,33.11,32.54,32.77
"FOXA","9-4-19",32.99,33.61,32.9,33.56
"FOXA","9-5-19",33.64,34.405,33.56,34.25
"FOXA","9-6-19",34.32,34.74,34.06,34.23
"FOXA","9-9-19",33.39,34.34,33.39,34.3
"FOXA","9-10-19",33.85,34.72,33.85,34.3
"FOXA","9-11-19",34.28,34.43,33.8,34
"FOXA","9-12-19",34.19,34.19,33.67,33.79
"FOXA","9-13-19",33.96,34.21,33.51,33.83
"FOXA","9-16-19",33.68,33.83,33.47,33.6
"FOXA","9-17-19",33.59,33.59,32.79,32.86
"FOXA","9-18-19",32.88,32.96,32.13,32.64
"FOXA","9-19-19",32.48,32.78,31.96,32.04
"FOXA","9-20-19",31.99,32.425,31.72,32.27
"FOXA","9-23-19",32.37,32.49,31.995,32.27
"FOXA","9-24-19",32.28,32.445,31.475,31.59
"FOXA","9-25-19",31.61,32.18,31.56,32.01
"FOXA","9-26-19",32.18,32.19,31.39,31.45
"FOXA","9-27-19",31.65,31.72,31.15,31.44
"FOXA","9-30-19",31.63,31.87,31.35,31.535
"FOXA","10-1-19",31.73,32.07,31.2,31.24
"FOXA","10-2-19",31.17,31.29,30.365,30.42
"FOXA","10-3-19",30.34,30.55,29.705,30.46
"FOXA","10-4-19",30.6,30.81,30.37,30.57
"FOXA","10-7-19",30.75,31.14,30.58,30.6
"FOXA","10-8-19",30.27,30.28,29.695,30.055
"FOXA","10-9-19",30.36,30.45,29.96,30.23
"FOXA","10-10-19",30.24,30.55,30.05,30.52
"FOXA","10-11-19",30.99,31.755,30.76,31.46
"FOXA","10-14-19",31.27,31.43,31.04,31.39
"FOXA","10-15-19",31.33,31.805,31.15,31.7
"FOXA","10-16-19",31.61,32.01,31.545,31.99
"FOXA","10-17-19",32.1,32.14,31.54,31.98
"FOXA","10-18-19",32.04,32.57,31.96,32.21
"FOXA","10-21-19",32.36,32.81,32.2,32.74
"FOXA","10-22-19",32.73,33.565,32.55,33.45
"FOXA","10-23-19",33.33,33.67,33.15,33.24
"FOXA","10-24-19",33.18,33.39,31.79,32.3
"FOXA","10-25-19",32.39,32.775,32.32,32.41
"FOXA","10-28-19",32.54,33.41,32.41,32.99
"FOXA","10-29-19",32.82,33.04,32.55,32.84
"FOXA","10-30-19",32.66,32.85,32,32.08
"FOXA","10-31-19",32,32.08,31.67,32.04
"FOXA","11-1-19",32.17,32.54,31.96,32.39
"FOXA","11-4-19",32.5,32.6,32.29,32.55
"FOXA","11-5-19",32.58,33.08,32.525,32.835
"FOXA","11-6-19",32.84,33.18,32.3,33.1
"FOXA","11-7-19",33.95,34.97,33.37,34.94
"FOXA","11-8-19",35,35.23,34.59,35.14
"FOXA","11-11-19",34.95,35.07,34.59,34.99
"FOXA","11-12-19",35.07,35.105,34.45,34.485
"FOXA","11-13-19",34.37,34.72,34.19,34.26
"FOXA","11-14-19",34.14,34.51,33.99,34.22
"FOXA","11-15-19",34.39,34.68,33.93,34.27
"FOXA","11-18-19",34.31,35.25,34.21,35.19
"FOXA","11-19-19",35.22,36.325,35.22,36.26
"FOXA","11-20-19",35.66,36.41,35.66,35.89
"FOXA","11-21-19",35.93,36.35,35.56,35.7
"FOXA","11-22-19",35.77,36.04,35.505,35.66
"FOXA","11-25-19",35.7,35.86,35.35,35.68
"FOXA","11-26-19",35.67,36.095,35.55,35.93
"FOXA","11-27-19",36.06,36.19,35.675,35.78
"FOXA","11-29-19",35.81,36,35.37,35.76
"FOXA","12-2-19",35.75,36.02,35.55,35.6
"FOXA","12-3-19",35.41,35.525,34.71,35.19
"FOXA","12-4-19",35.53,35.69,34.99,35.5
"FOXA","12-5-19",35.65,35.77,35.23,35.5
"FOXA","12-6-19",35.71,35.91,35.35,35.42
"FOXA","12-9-19",35.5,36.015,35.35,35.62
"FOXA","12-10-19",35.51,36.01,35.24,35.81
"FOXA","12-11-19",35.75,36.595,35.75,36.16
"FOXA","12-12-19",36.32,36.94,36.1086,36.85
"FOXA","12-13-19",36.73,36.99,36.505,36.77
"FOXA","12-16-19",36.95,37.16,36.7021,36.81
"FOXA","12-17-19",36.71,37.26,36.435,37.16
"FOXA","12-18-19",37.19,37.33,36.89,36.93
"FOXA","12-19-19",36.76,37.17,36.76,37
"FOXA","12-20-19",37.29,37.29,36.72,37.17
"FOXA","12-23-19",37.17,37.625,37.04,37.455
"FOXA","12-24-19",37.44,37.6,37.25,37.3
"FOXA","12-26-19",37.26,37.67,37.26,37.57
"FOXA","12-27-19",37.65,37.72,37.215,37.41
"FOXA","12-30-19",37.42,37.56,36.99,37.08
"FOXA","12-31-19",36.94,37.175,36.76,37.07
"FOXA","1-2-20",37.41,37.47,36.575,37.07
"FOXA","1-3-20",36.69,36.98,36.62,36.665
"FOXA","1-6-20",36.66,36.765,36.36,36.57
"FOXA","1-7-20",36.56,37.225,36.4,37.07
"FOXA","1-8-20",37.13,37.51,37.04,37.11
"FOXA","1-9-20",37.18,37.365,36.815,37.18
"FOXA","1-10-20",37.12,37.24,36.64,36.72
"FOXA","1-13-20",36.72,37.15,36.47,36.99
"FOXA","1-14-20",36.79,37.51,36.76,37.26
"FOXA","1-15-20",37.36,37.6,37.17,37.48
"FOXA","1-16-20",37.71,39.14,37.62,39.11
"FOXA","1-17-20",39.28,39.735,39.16,39.34
"FOXA","1-21-20",39,39.38,38.84,39.1
"FOXA","1-22-20",39.15,39.31,38.855,39.08
"FOXA","1-23-20",38.77,39.02,37.34,37.49
"FOXA","1-24-20",37.3,37.46,36.18,36.61
"FOXA","1-27-20",36.44,37.015,36.19,36.88
"FOXA","1-28-20",37.35,37.43,36.75,37.14
"FOXA","1-29-20",36.95,37.22,36.425,36.58
"FOXA","1-30-20",36.17,37.07,36.05,37.03
"FOXA","1-31-20",37,37.2,36.47,37.08
"FOXA","2-3-20",37.3,37.99,37.11,37.59
"FOXA","2-4-20",37.96,38.31,37.75,38.03
"FOXA","2-5-20",38.54,38.98,38.12,38.67
"FOXA","2-6-20",39.1,39.42,36.73,37.11
"FOXA","2-7-20",36.98,37.07,36.48,37
"FOXA","2-10-20",36.87,37.41,36.72,37.3
"FOXA","2-11-20",37.23,37.4394,36.66,37.13
"FOXA","2-12-20",37.33,37.7,37.23,37.67
"FOXA","2-13-20",37.53,38.275,37.46,38
"FOXA","2-14-20",38.08,38.11,37.48,37.8
"FOXA","2-18-20",37.76,37.99,37.45,37.78
"FOXA","2-19-20",37.93,38.28,37.6,38.03
"FOXA","2-20-20",37.7,37.9,36.33,37.03
"FOXA","2-21-20",36.71,37.6,35.75,35.99
"FOXA","2-24-20",35.65,35.65,34.48,34.69
"FOXA","2-25-20",34.81,35,33.0245,33.21
"FOXA","2-26-20",33.56,33.77,32.4,32.79
"FOXA","2-27-20",32.23,32.89,31.33,31.34
"FOXA","2-28-20",30.25,31.68,30.16,30.74
"FOXA","3-2-20",30.73,32.14,30.35,32.11
"FOXA","3-3-20",31.42,32.63,30.66,30.99
"FOXA","3-4-20",31.32,31.57,30.42,30.93
"FOXA","3-5-20",30.16,30.39,29.18,29.44
"FOXA","3-6-20",28.25,29.09,28.16,28.84
"FOXA","3-9-20",26.93,27.99,25.04,27.48
"FOXA","3-10-20",28.27,29.26,27,29.11
"FOXA","3-11-20",28.21,28.66,27.52,27.78
"FOXA","3-12-20",26.76,27.1,24.87,26.22
"FOXA","3-13-20",27.56,28.64,24.6,26.15
"FOXA","3-16-20",23.81,24.97,23.1229,24.01
"FOXA","3-17-20",24.37,25.58,22.92,25.14
"FOXA","3-18-20",23.72,24.7,21.84,22.34
"FOXA","3-19-20",22.29,23.9,20.78,22.82
"FOXA","3-20-20",23.17,23.6,20.85,20.99
"FOXA","3-23-20",21.13,21.34,19.81,20.2
"FOXA","3-24-20",21.12,22.35,20.55,22.29
"FOXA","3-25-20",22.36,25.42,21.98,24.14
"FOXA","3-26-20",24.2,25.55,24.15,24.97
"FOXA","3-27-20",24.16,24.26,22.33,22.51
"FOXA","3-30-20",22.3,24.47,22,24.31
"FOXA","3-31-20",24.69,24.82,23.45,23.63
"FOXA","4-1-20",22.67,22.78,21.95,22.34
"FOXA","4-2-20",22.49,23.5,22.005,22.67
"FOXA","4-3-20",22.51,22.73,21.81,22.3
"FOXA","4-6-20",23.42,25.2588,23.32,25.06
"FOXA","4-7-20",26.21,27.11,25.39,25.49
"FOXA","4-8-20",25.94,26.57,25.51,26.3
"FOXA","4-9-20",26.54,27.08,25.6,25.99
"FOXA","4-13-20",25.83,26.11,24.94,25.99
"FOXA","4-14-20",26.34,26.66,25.91,26.51
"FOXA","4-15-20",25.77,25.87,24.96,25.7
"FOXA","4-16-20",25.64,25.9464,24.85,25.54
"FOXA","4-17-20",26.195,26.955,25.97,26.875
"FOXA","4-20-20",26.17,26.78,25.98,26.06
"FOXA","4-21-20",25.38,25.9,25.15,25.54
"FOXA","4-22-20",26.05,26.39,24.71,24.77
"FOXA","4-23-20",24.88,25.435,23.92,24.86
"FOXA","4-24-20",24.9,25.01,24.36,24.835
"FOXA","4-27-20",25.21,26.68,25.01,26.39
"FOXA","4-28-20",26.99,28.06,26.71,27.14
"FOXA","4-29-20",28.02,28.62,27.955,28.37
"FOXA","4-30-20",27.56,27.88,25.4,25.87
"FOXA","5-1-20",25.43,25.82,24.975,25.43
"FOXA","5-4-20",25.32,25.42,24.5564,24.995
"FOXA","5-5-20",25.04,25.36,23.89,24.1
"FOXA","5-6-20",24.3,25.005,23.57,24.81
"FOXA","5-7-20",26.46,27.08,25.21,25.25
"FOXA","5-8-20",25.97,26.3,25.63,26
"FOXA","5-11-20",25.54,26.06,25.04,25.67
"FOXA","5-12-20",25.81,26.08,25.175,25.355
"FOXA","5-13-20",25.22,25.22,23.735,24.52
"FOXA","5-14-20",24.12,25.83,23.77,25.77
"FOXA","5-15-20",25.52,26.19,25.235,26.06
"FOXA","5-18-20",26.99,27.635,26.625,27.47
"FOXA","5-19-20",27.49,28.13,27,27.57
"FOXA","5-20-20",27.88,28.43,27.63,27.81
"FOXA","5-21-20",27.61,28.065,27.56,27.62
"FOXA","5-22-20",27.53,27.965,27.47,27.8
"FOXA","5-26-20",28.74,29.25,28.48,29.03
"FOXA","5-27-20",29.68,30.16,29.04,29.65
"FOXA","5-28-20",29.61,29.94,28.86,28.93
"FOXA","5-29-20",28.77,29.21,28.36,29.17
"FOXA","6-1-20",29.13,29.755,29.07,29.54
"FOXA","6-2-20",29.63,29.7566,29.07,29.3
"FOXA","6-3-20",29.81,31.185,29.45,30.77
"FOXA","6-4-20",30.57,31.05,30.08,30.53
"FOXA","6-5-20",31.92,32.35,30.535,30.85
"FOXA","6-8-20",31.03,32.785,31.03,32.48
"FOXA","6-9-20",31.72,32.12,30.75,30.81
"FOXA","6-10-20",30.7,30.82,29.53,30.14
"FOXA","6-11-20",29.36,29.45,27.91,28.06
"FOXA","6-12-20",28.9,29.03,27.66,28.29
"FOXA","6-15-20",27.36,29.745,27.11,29.29
"FOXA","6-16-20",30.15,30.47,27.97,28.31
"FOXA","6-17-20",28.28,28.52,27.81,28.07
"FOXA","6-18-20",28.03,29.04,27.72,29
"FOXA","6-19-20",30.15,30.15,28.21,28.32
"FOXA","6-22-20",28.04,28.21,27.58,28.11
"FOXA","6-23-20",28.47,28.855,28.18,28.26
"FOXA","6-24-20",27.95,28.079,26.9,27.38
"FOXA","6-25-20",26.99,27.105,26.42,26.93
"FOXA","6-26-20",26.68,26.7397,25.47,25.7
"FOXA","6-29-20",25.87,26.93,25.73,26.9
"FOXA","6-30-20",26.8,27,26.475,26.82
"FOXA","7-1-20",26.92,27.35,26.48,26.93
"FOXA","7-2-20",27.63,27.73,26.47,26.56
"FOXA","7-6-20",27.01,27.29,26.12,26.5
"FOXA","7-7-20",26.24,26.38,25.63,25.69
"FOXA","7-8-20",25.58,25.67,24.995,25.3
"FOXA","7-9-20",25.28,25.42,23.93,24.37
"FOXA","7-10-20",24.43,25.385,24.21,25.32
"FOXA","7-13-20",25.11,25.535,24.34,24.96
"FOXA","7-14-20",24.78,25.425,24.48,25.03
"FOXA","7-15-20",25.33,26.18,25.33,26.06
"FOXA","7-16-20",25.87,26.37,25.77,26.17
"FOXA","7-17-20",26.18,26.36,25.01,25.28
"FOXA","7-20-20",25.14,25.39,24.295,24.76
"FOXA","7-21-20",24.92,25.67,24.81,25.4
"FOXA","7-22-20",25.47,25.95,25.22,25.91
"FOXA","7-23-20",26.07,26.53,25.945,26.24
"FOXA","7-24-20",26.42,27.38,26.32,26.66
"FOXA","7-27-20",26.58,26.76,25.41,25.72
"FOXA","7-28-20",25.54,26.185,25.453,25.74
"FOXA","7-29-20",25.87,26.05,25.41,25.86
"FOXA","7-30-20",25.5,26,25.26,25.82
"FOXA","7-31-20",25.84,25.84,25.17,25.77
"FOXA","8-3-20",25.77,26.42,25.43,26.36
"FOXA","8-4-20",26.31,27.2,26.18,26.67
"FOXA","8-5-20",25.36,25.71,24.22,24.725
"FOXA","8-6-20",24.9,25.32,24.64,24.99
"FOXA","8-7-20",24.87,25.1,24.27,24.67
"FOXA","8-10-20",24.61,24.86,24.175,24.4
"FOXA","8-11-20",24.78,25.495,24.59,24.66
"FOXA","8-12-20",24.95,25.14,24.6,24.92
"FOXA","8-13-20",24.84,25.61,24.73,25.57
"FOXA","8-14-20",25.59,26.045,25.21,25.74
"FOXA","8-17-20",25.89,25.93,25.175,25.56
"FOXA","8-18-20",25.57,25.8,25.45,25.635
"FOXA","8-19-20",25.6,26.15,25.59,25.85
"FOXA","8-20-20",25.71,26.02,25.51,25.89
"FOXA","8-21-20",25.82,26.05,25.57,26
"FOXA","8-24-20",26.08,27.14,26,26.98
"FOXA","8-25-20",26.95,27.23,26.41,26.9
"FOXA","8-26-20",26.79,27.295,26.62,27.15
"FOXA","8-27-20",27.4,27.815,27.29,27.57
"FOXA","8-28-20",27.6,27.83,27.41,27.815
"FOXA","8-31-20",28,28.41,27.65,27.86
"FOXA","9-1-20",26.8,27.58,26.8,27.44
"FOXA","9-2-20",27.48,28.1,27.47,27.88
"FOXA","9-3-20",28.07,28.62,27.21,27.35
"FOXA","9-4-20",27.88,27.97,27.22,27.66
"FOXA","9-8-20",27.53,28.29,27.45,27.69
"FOXA","9-9-20",27.75,28.43,27.38,28.2
"FOXA","9-10-20",28.27,28.745,28.01,28.19
"FOXA","9-11-20",28.32,28.64,27.64,28.14
"FOXA","9-14-20",28.29,29.295,28.22,28.66
"FOXA","9-15-20",28.73,28.995,28.365,28.61
"FOXA","9-16-20",28.86,29.92,28.75,29.34
"FOXA","9-17-20",28.7,29.25,28.38,28.63
"FOXA","9-18-20",28.65,28.66,27.59,27.96
"FOXA","9-21-20",27.53,27.67,26.44,26.78
"FOXA","9-22-20",26.85,27.12,26.555,26.77
"FOXA","9-23-20",26.59,26.97,25.86,25.91
"FOXA","9-24-20",25.97,26.43,25.57,26.2
"FOXA","9-25-20",25.98,26.845,25.92,26.7
"FOXA","9-28-20",27.09,27.86,27.07,27.84
"FOXA","9-29-20",27.71,27.97,27.12,27.77
"FOXA","9-30-20",27.99,28.52,27.5,27.83
"FOXA","10-1-20",27.96,28.22,27.505,28.02
"FOXA","10-2-20",27.68,28.36,26.915,28.08
"FOXA","10-5-20",28.23,28.78,28.02,28.71
"FOXA","10-6-20",28.78,29.06,27.81,27.92
"FOXA","10-7-20",28.2,29.26,28.1,28.97
"FOXA","10-8-20",29.25,29.57,28.915,29.56
"FOXA","10-9-20",29.77,30,29.04,29.19
"FOXA","10-12-20",29.44,29.52,28.825,28.94
"FOXA","10-13-20",28.89,28.915,27.16,27.23
"FOXA","10-14-20",27.26,27.45,26.9,26.93
"FOXA","10-15-20",26.79,26.98,26.37,26.93
"FOXA","10-16-20",27.11,27.23,26.55,26.86
"FOXA","10-19-20",27.09,27.11,25.97,26.02
"FOXA","10-20-20",26.4,26.4,25.87,26.05
"FOXA","10-21-20",25.9,26.7,25.78,26.57
"FOXA","10-22-20",26.84,27.6,26.72,27.46
"FOXA","10-23-20",27.62,27.665,26.72,27.08
"FOXA","10-26-20",26.82,26.84,26.09,26.41
"FOXA","10-27-20",26.35,26.36,26.045,26.185
"FOXA","10-28-20",25.78,26.03,25.21,25.31
"FOXA","10-29-20",24.935,25.81,24.935,25.57
"FOXA","10-30-20",25.56,26.52,25.51,26.52
"FOXA","11-2-20",26.66,27.46,26.29,27.4
"FOXA","11-3-20",28.81,29.28,26.36,27.04
"FOXA","11-4-20",26.93,27.1,24.98,25.63
"FOXA","11-5-20",26.07,26.665,25.44,26.61
"FOXA","11-6-20",26.43,26.615,25.645,25.95
"FOXA","11-9-20",26.97,27.61,25.97,26.25
"FOXA","11-10-20",26.01,27.135,25.88,26.85
"FOXA","11-11-20",26.95,27.6,26.575,27.46
"FOXA","11-12-20",27.12,27.225,25.33,25.64
"FOXA","11-13-20",25.95,26.76,25.6069,26.635
"FOXA","11-16-20",26.83,27.63,26.7,27.18
"FOXA","11-17-20",27.07,28.215,26.665,28.16
"FOXA","11-18-20",28.1,28.19,27.64,27.66
"FOXA","11-19-20",27.61,27.975,27.38,27.71
"FOXA","11-20-20",27.73,27.9382,27.54,27.83
"FOXA","11-23-20",28,28.76,27.75,28.53
"FOXA","11-24-20",28.85,29.75,28.61,29.48
"FOXA","11-25-20",29.45,29.45,28.87,29.3
"FOXA","11-27-20",29.07,29.42,29.07,29.16
"FOXA","11-30-20",29.06,29.21,28.71,28.84
"FOXA","12-1-20",29.12,30.58,28.97,30.14
"FOXA","12-2-20",30.22,30.655,29.77,30.6
"FOXA","12-3-20",30.68,31.01,30.235,30.32
"FOXA","12-4-20",30.47,30.52,29.74,29.84
"FOXA","12-7-20",29.62,30.03,29.5013,29.68
"FOXA","12-8-20",29.58,29.79,29.105,29.255
"FOXA","12-9-20",29.33,29.68,29.05,29.24
"FOXA","12-10-20",29.08,29.23,28.88,29.11
"FOXA","12-11-20",28.91,29.37,28.5101,29.32
"FOXA","12-14-20",29.74,29.77,28.76,28.78
"FOXA","12-15-20",28.88,28.94,27.985,28.58
"FOXA","12-16-20",28.64,28.88,28.35,28.45
"FOXA","12-17-20",28.57,28.7,27.85,28.54
"FOXA","12-18-20",28.54,28.82,27.92,28.16
"FOXA","12-21-20",27.78,27.93,27.315,27.72
"FOXA","12-22-20",27.51,27.72,27.12,27.27
"FOXA","12-23-20",27.35,28.22,27.2901,28.11
"FOXA","12-24-20",28.05,28.53,28.05,28.31
"FOXA","12-28-20",28.46,29.315,28.3,29.14
"FOXA","12-29-20",29.19,29.295,28.84,29.02
"FOXA","12-30-20",29.14,29.55,29.04,29.09
"FOXA","12-31-20",29.13,29.375,28.99,29.12
"FOXA","1-4-21",29.24,29.71,28.46,28.81
"FOXA","1-5-21",28.83,29.605,28.76,29.445
"FOXA","1-6-21",30.1,32.18,29.86,32.01
"FOXA","1-7-21",31.99,31.99,30.92,30.94
"FOXA","1-8-21",30.83,31.04,29.73,30.09
"FOXA","1-11-21",29.97,30.59,29.79,30.33
"FOXA","1-12-21",30.42,30.57,29.7,29.77
"FOXA","1-13-21",29.59,30.03,29.33,29.96
"FOXA","1-14-21",30.18,31.46,29.665,31.27
"FOXA","1-15-21",31.13,31.74,30.73,31.49
"FOXA","1-19-21",31.66,31.66,29.85,30.01
"FOXA","1-20-21",30.03,31.27,30.03,31.02
"FOXA","1-21-21",30.73,31.32,30.63,31.04
"FOXA","1-22-21",30.85,30.86,29.84,30.16
"FOXA","1-25-21",30.2,32.22,30.095,32.09
"FOXA","1-26-21",32.19,35.18,32.19,34.93
"FOXA","1-27-21",35.34,40.73,34.13,34.38
"FOXA","1-28-21",34.38,35.14,31.82,31.9
"FOXA","1-29-21",31.79,32.69,30.96,31.18
"FOXA","2-1-21",31.25,32.06,30.93,31.88
"FOXA","2-2-21",31.95,32.06,30.295,30.51
"FOXA","2-3-21",30.59,30.745,30.215,30.28
"FOXA","2-4-21",30.32,30.92,30.03,30.42
"FOXA","2-5-21",30.39,31.72,30.09,31.42
"FOXA","2-8-21",31.66,32.77,31.43,32.69
"FOXA","2-9-21",32.7487,32.9,30.53,30.73
"FOXA","2-10-21",30.91,31.99,30.48,31.78
"FOXA","2-11-21",31.58,32.22,31.36,32
"FOXA","2-12-21",31.94,32.825,31.9,32.59
"FOXA","2-16-21",32.54,32.73,31.57,31.73
"FOXA","2-17-21",31.85,32.11,31.5012,31.75
"FOXA","2-18-21",31.8,32.41,31.67,32.175
"FOXA","2-19-21",32.34,33.99,32.18,33.78
"FOXA","2-22-21",33.76,35.33,33.7,34.69
"FOXA","2-23-21",34.79,35.38,33.65,34.12
"FOXA","2-24-21",33.84,34.23,33.4107,34.04
"FOXA","2-25-21",34.3,34.67,32.86,33.04
"FOXA","2-26-21",33.15,33.85,32.8,33.31
"FOXA","3-1-21",34.06,35,33.535,34.79
"FOXA","3-2-21",34.65,38.81,34.52,37.95
"FOXA","3-3-21",38.16,40.55,37.51,39.33
"FOXA","3-4-21",39.66,40.33,37.96,39.09
"FOXA","3-5-21",39.62,41.44,39.11,41.29
"FOXA","3-8-21",40.88,42.6247,40.14,42.33
"FOXA","3-9-21",42.15,42.275,40.04,40.32
"FOXA","3-10-21",40.6,41.6,39.94,41.46
"FOXA","3-11-21",41.2,42.39,40.86,41.845
"FOXA","3-12-21",41.74,43.01,41.73,42.78
"FOXA","3-15-21",43,43.72,42.29,42.7
"FOXA","3-16-21",43.11,44.8,43.03,44.18
"FOXA","3-17-21",43.56,44.1,41.48,42.92
"FOXA","3-18-21",42.49,43.66,42.47,42.88
"FOXA","3-19-21",43,43.31,42.57,42.925
"FOXA","3-22-21",42.87,43.71,42.44,43.65
"FOXA","3-23-21",43.34,43.44,41.64,41.81
"FOXA","3-24-21",41.8,42.1,40.08,40.12
"FOXA","3-25-21",40.19,40.97,39.585,40.3
"FOXA","3-26-21",39.99,40.44,35.33,37.8
"FOXA","3-29-21",37.75,38.2,36.77,37.23
"FOXA","3-30-21",37.41,37.92,36.5,37.11
"FOXA","3-31-21",37.17,37.41,36.01,36.11
"FOXA","4-1-21",36.45,36.73,35.76,36.31
"FOXA","4-5-21",36.625,36.7,35.41,36.4
"FOXA","4-6-21",36.2,37.52,36.11,37.05
"FOXA","4-7-21",37.37,38,36.82,37.31
"FOXA","4-8-21",37.21,37.33,36.4,37
"FOXA","4-9-21",37.01,37.59,36.63,37.46
"FOXA","4-12-21",37.76,38.33,37.26,37.42
"FOXA","4-13-21",37.54,38.09,37.3467,37.47
"FOXA","4-14-21",37.18,37.955,37.07,37.23
"FOXA","4-15-21",37.81,38.51,37.615,37.885
"FOXA","4-16-21",38.13,38.56,37.77,37.945
"FOXA","4-19-21",37.79,38.32,37.52,37.68
"FOXA","4-20-21",37.76,38.27,37.4126,37.8
"FOXA","4-21-21",37.59,38.8,37.43,38.61
"FOXA","4-22-21",38.53,38.87,37.91,38.12
"FOXA","4-23-21",38.46,38.7,38.14,38.41
"FOXA","4-26-21",38.53,38.56,37.71,38.2
"FOXA","4-27-21",38.06,38.58,37.87,38.28
"FOXA","4-28-21",37.93,38.28,37.58,37.82
"FOXA","4-29-21",38.03,38.26,37.505,37.77
"FOXA","4-30-21",37.79,37.83,37.22,37.42
"FOXA","5-3-21",37.86,37.86,36.6,36.61
"FOXA","5-4-21",36.91,37.13,36.24,36.74
"FOXA","5-5-21",36.96,37,36.225,36.34
"FOXA","5-6-21",36.58,38.41,36.565,37.57
"FOXA","5-7-21",37.49,38.44,37.35,38.32
"FOXA","5-10-21",38.32,39.46,38.11,38.83
"FOXA","5-11-21",38.59,39.04,38.015,38.505
"FOXA","5-12-21",38.3,38.75,37.89,37.935
"FOXA","5-13-21",37.93,39.16,37.85,38.74
"FOXA","5-14-21",38.4,38.66,37.14,37.26
"FOXA","5-17-21",37.75,38.22,36.72,36.77
"FOXA","5-18-21",37.04,37.72,36.9,37.35
"FOXA","5-19-21",36.92,37.61,36.8,37.35
"FOXA","5-20-21",37.29,37.77,37.17,37.25
"FOXA","5-21-21",37.28,37.852,37.16,37.58
"FOXA","5-24-21",37.53,37.9001,37.33,37.44
"FOXA","5-25-21",37.71,37.93,36.95,37.15
"FOXA","5-26-21",37.17,38.06,37.07,37.51
"FOXA","5-27-21",37.72,38.38,37.66,37.95
"FOXA","5-28-21",37.94,38.05,37.09,37.35
"FOXA","6-1-21",37.63,37.74,37.16,37.32
"FOXA","6-2-21",37.39,37.5,36.405,36.78
"FOXA","6-3-21",36.87,37.12,36.04,36.62
"FOXA","6-4-21",36.63,37.27,36.5,37.19
"FOXA","6-7-21",37.28,37.59,36.94,37.15
"FOXA","6-8-21",37.15,37.245,36.365,36.59
"FOXA","6-9-21",37.31,38.07,36.86,37.64
"FOXA","6-10-21",37.75,37.87,37.31,37.47
"FOXA","6-11-21",37.58,37.96,37.47,37.93
"FOXA","6-14-21",37.98,38.11,37.34,37.68
"FOXA","6-15-21",37.97,38.14,37.36,37.71
"FOXA","6-16-21",37.65,37.86,37.25,37.67
"FOXA","6-17-21",37.67,37.99,36.91,37.15
"FOXA","6-18-21",37.38,37.995,37.01,37.63
"FOXA","6-21-21",37.76,38.03,37.41,37.49
"FOXA","6-22-21",37.53,37.78,36.82,37.65
"FOXA","6-23-21",37.63,37.97,37.45,37.6
"FOXA","6-24-21",37.73,38.39,37.61,38.3
"FOXA","6-25-21",38.38,38.86,38.05,38.36
"FOXA","6-28-21",38.66,38.81,38.06,38.31
"FOXA","6-29-21",37.54,37.85,36.82,36.83
"FOXA","6-30-21",37,37.17,36.54,37.13
"FOXA","7-1-21",37.13,37.88,36.94,37.55
"FOXA","7-2-21",37.56,37.625,37.07,37.32
"FOXA","7-6-21",37.3,37.3,35.75,36.73
"FOXA","7-7-21",36.58,37.02,36.04,36.4
"FOXA","7-8-21",36.3,36.36,35.32,35.7
"FOXA","7-9-21",35.75,36.55,35.69,36.45
"FOXA","7-12-21",36.32,36.83,35.79,36.8
"FOXA","7-13-21",36.96,36.96,35.905,35.95
"FOXA","7-14-21",36.13,36.54,35.98,36.36
"FOXA","7-15-21",36.24,36.49,35.765,35.84
"FOXA","7-16-21",35.75,36.005,35.22,35.28
"FOXA","7-19-21",34.98,35.18,34.51,34.72
"FOXA","7-20-21",34.9,35.105,34.46,34.97
"FOXA","7-21-21",35.05,36.37,35.04,36.19
"FOXA","7-22-21",36.2,36.29,35.37,36
"FOXA","7-23-21",36.13,36.245,35.725,36.19
"FOXA","7-26-21",36.11,36.84,36.11,36.56
"FOXA","7-27-21",36.28,36.53,35.99,36.2
"FOXA","7-28-21",36.27,36.66,35.55,36.32
"FOXA","7-29-21",36.37,36.93,36.185,36.3
"FOXA","7-30-21",36,36.39,35.54,35.66
"FOXA","8-2-21",35.77,35.95,35.5,35.64
"FOXA","8-3-21",35.75,35.785,34.16,35.03
"FOXA","8-4-21",34.8,35.3,34.575,34.91
"FOXA","8-5-21",36,37.39,35.5201,37.21
"FOXA","8-6-21",37.29,37.54,36.36,36.48
"FOXA","8-9-21",36.32,36.59,36.04,36.51
"FOXA","8-10-21",36.52,37.015,36.14,36.98
"FOXA","8-11-21",37.265,37.51,36.76,37.47
"FOXA","8-12-21",37.62,37.62,36.71,37.03
"FOXA","8-13-21",37.43,37.43,36.97,37
"FOXA","8-16-21",36.82,37.34,36.51,37.19
"FOXA","8-17-21",36.84,37.19,36.54,36.98
"FOXA","8-18-21",37.02,37.64,36.52,36.56
"FOXA","8-19-21",36.37,36.65,35.95,36.18
"FOXA","8-20-21",36.11,36.91,35.94,36.76
"FOXA","8-23-21",36.84,37.185,36.75,37.14
"FOXA","8-24-21",37.28,37.445,36.915,37.07
"FOXA","8-25-21",37.25,37.47,36.69,37.04
"FOXA","8-26-21",37.04,37.18,36.6,36.68
"FOXA","8-27-21",36.65,37.365,36.6,37.2
"FOXA","8-30-21",37.2,37.25,36.75,37.07
"FOXA","8-31-21",36.85,37.595,36.71,37.44
"FOXA","9-1-21",37.53,37.59,36.91,37
"FOXA","9-2-21",37.16,37.44,36.93,37.17
"FOXA","9-3-21",37.07,37.13,36.54,36.89
"FOXA","9-7-21",36.83,37.18,36.66,36.75
"FOXA","9-8-21",36.72,37.1,35.915,35.96
"FOXA","9-9-21",36.325,36.435,35.72,36.36
"FOXA","9-10-21",36.43,36.51,35.775,35.94
"FOXA","9-13-21",36.24,36.535,35.92,36.34
"FOXA","9-14-21",36.68,36.78,35.18,35.3
"FOXA","9-15-21",35.34,36.74,35.12,36.56
"FOXA","9-16-21",36.49,37.49,36.37,37.33
